ATR_WINDOW,EMA_LONG,SL_ATR_MULT,TP_ATR_MULT,VOL_MULT,RISK_PCT,REGIME_MULT,sharpe,num_entries
43,128,1.5621088666940683,2.1235069657748147,2.9398197043239884,0.016816410175208015,0.8185086660174142,0.9571816001538359,884
31,28,1.4113172778521577,3.0231447421237494,1.130103185970559,0.01902882520781333,1.948448049611839,1.0335967611787598,45
21,191,1.5979909127171077,5.59195090518222,1.312037280884873,0.0039638958863878505,0.5871254182522991,0.895458675537503,1947
41,74,0.6465081710095758,6.105398159072942,1.8803049874792026,0.0033187264620507975,1.2427653651669053,0.8983071582228261,399
13,194,1.6626992350416718,7.6369936493851345,2.789654700855298,0.012360099597410617,1.8828113525346752,1.1697675818756172,100
13,53,0.9563633644393066,5.148538589793427,1.8638900372842315,0.006533353663762796,1.4177793420835691,1.255019035270142,508
6,183,0.8881699724000254,5.975133706123891,1.623422152178822,0.010881292402378406,1.3200654190149195,1.2156300176776027,971
11,72,1.0495427649405376,4.736419905302215,2.570351922786027,0.004793801861008835,1.2713516576204174,1.1337852704197864,758
8,55,0.5678409333658071,3.951981984579586,1.777354579378964,0.0061556316037040225,1.743106263727894,1.4640053520149414,315
39,55,0.5082831756854036,6.892768570729005,2.4137146876952342,0.014851136192778759,1.6569055200289187,0.9620068127563045,74
21,70,1.3140441247373726,2.845545349848576,2.6043939615080793,0.002416462229915646,1.980330404900776,1.2519871094513801,47
18,78,1.5944092675070962,5.8253448281312785,2.774425485152653,0.009972083578077037,0.6793913689074526,1.0943233440699864,1276
8,84,0.6738035892876946,7.178620555253561,2.246596253655116,0.007287062472200335,0.5953375254290354,1.1211217210401117,1760
37,156,1.3419157963542443,6.6258030797273655,1.9875911927287815,0.010931923758257887,1.1413115275378245,0.9555936071064259,579
20,189,0.9848043980311328,5.112743730460196,2.4060379177903557,0.007908962445206585,1.957673124081441,1.11799922634626,50
6,39,0.5471437785301014,5.818462467582682,1.6287119621526533,0.01066284313212935,1.8613497108891395,1.754558582756891,318
46,165,1.4501056347656351,7.228763541126306,2.6073441537982287,0.004544831118834681,1.8388384977349665,1.0195342133288419,22
29,165,1.8441369498852398,3.9080208498311833,1.2201038490553535,0.005330768088296892,1.1406616829393845,0.897643418132984,747
16,93,1.633326707814573,3.3727889929497348,1.153959819657586,0.006505277605361593,0.7418319308810066,0.8888370545969357,2148
48,65,1.245872758838578,3.805269858900618,1.5696809887549352,0.001700851999736123,1.4143465009698453,0.7443050094783635,236
41,174,0.510428195796786,5.064483815465394,1.834822006297558,0.005220048398943875,0.6797980510005242,0.8854343569885347,1633
49,63,1.5082033211088177,6.569717691972306,1.4752750879847993,0.014836110623625332,1.05167469907888,0.8269615335988383,974
33,134,1.3036620261121377,2.54173862032645,2.670604991178476,0.007094821234462981,0.7797777655997813,0.9490093782063632,1121
27,29,0.9179696963549171,7.449595315799922,1.4791237813339448,0.0037530025697332385,1.2341791404163445,0.9551124455975739,669
46,177,0.8869124415727334,5.959904276205075,2.6344444004024314,0.011548815420389782,1.2944758675340098,0.9275924987440327,182
6,126,1.5163465427634235,2.099526973567137,2.024186116598562,0.005303419728760821,1.4677591856141747,1.278007031337611,687
12,144,1.0801030194508061,7.620379932420407,1.2750418882919865,0.007480260669954912,0.6702102818608836,0.9371250103097845,2076
37,181,1.830629636397676,6.679253275145744,2.2840632923085753,0.0025986593349059278,0.7424430711419207,0.8883706432564054,1306
15,36,1.84582363692999,7.402508342979983,2.266202914546536,0.007441566029925312,1.0238143619189914,1.0632547692996406,1423
38,136,1.7738351157412668,5.94567735380206,2.1366172066709432,0.0027798205887337567,1.0515737045891502,0.896461296395611,793
29,144,1.4779418892539007,3.3456158567633585,2.4243584426950715,0.005507732662439201,0.9880995472389016,0.9563025670760601,886
16,63,1.9595158321286683,4.358586348000562,2.7840931103542266,0.012991633893947994,1.6922169553124726,1.2345411197676697,150
45,129,0.5137955774249445,2.6088292571961924,2.3270035382161116,0.001096170093078155,0.741212077126248,0.8851905498385051,1307
46,97,1.9499822285655044,7.7817198625355175,2.70601891093472,0.0065945289493221275,1.0776465929028878,0.8670710517856188,510
34,51,1.9106878765293716,7.723571462015524,2.829728780440897,0.008033015304853442,0.5231849247933011,0.973365284392531,1264
27,123,1.2387765407282958,3.1714579267882668,2.4449042305230106,0.00633467488637626,0.5364739496471808,0.9654247346414075,1373
43,77,0.7542391200291387,5.340807574750101,2.872309548321562,0.014224566136824487,1.3550917551340476,0.9716851545142675,167
9,130,1.985080775156395,2.8405040914191444,2.0366593047274737,0.017670088366631153,1.6111529266313067,1.2930465492276129,352
46,112,1.2522744420307994,6.789771073800651,2.2999278615555303,0.014337370667896362,1.6936890041541517,0.754350759637608,56
40,68,1.1584571310584542,2.470738288053596,1.050701486830915,0.019290319878880576,1.7539701807683088,0.8396788915194573,75
29,71,1.3862498908535161,2.1830014996342966,1.0746963774984288,0.016629410652533507,1.0402859621168943,0.976779785416477,1169
45,80,1.063374428959916,2.563891639045214,2.156560281992348,0.0016829032021380996,1.1983970271986903,0.8282442249237443,417
28,117,1.4561448522473097,6.35654800233597,2.951704158925069,0.010809706617722712,0.984434709411869,1.046181199215259,722
36,146,1.0392367268296328,3.76155106558696,2.6187223109570272,0.016392154498904434,1.8006084778701554,1.452641554151138,35
10,114,1.6549903296479163,3.2949261649810593,2.2457809516380003,0.002621601834881592,0.5775225817529115,1.0329722993162638,1663
36,93,0.7599414801062687,2.938622256026516,1.5004857963291907,0.01143530662941629,1.5718938840500936,0.8790943873422596,145
34,70,1.9322979209947913,6.4273815001746115,2.108708105022801,0.012622694178452694,1.1294000936416848,0.9940858717750548,668
24,91,1.4237751470783246,5.810561905205863,1.090608019544089,0.008117639677902952,1.4387898735713547,1.0463869110957817,294
43,146,1.2112607436309877,2.5870049639060086,1.9832317502336647,0.009995963644830748,0.7598028048650227,0.8883764640601346,1495
31,189,1.3632112668138183,4.329019557239132,2.2865764368847064,0.009706804919338816,1.3184251839739023,0.9566899360484312,269
16,84,1.6367691656965537,2.086360931778535,1.2321452810138325,0.0018740501984133022,0.5610932034784553,0.8737661816265625,2204
41,70,0.6772472414324844,6.180422992184904,2.2578856935597678,0.017671968257014007,1.6026065657058286,0.9251323295763243,95
41,70,0.7661593156695843,6.50368850984515,2.6136694785345282,0.019819597698012795,1.1189265153671397,0.9962022312830395,509
47,89,1.9417858457358714,7.432103851736382,1.3915822695785929,0.0023178647166281433,0.65116700206614,0.7968330649815989,1947
27,174,1.4880404474284175,2.977606562488578,1.1411374948008597,0.013205966285919996,0.5397669658124327,0.8713815338199592,1959
21,159,1.0112053103795269,7.584543953621388,2.7168255036860236,0.00915088652012535,1.626306601687246,1.1423048499302846,114
5,36,1.5245101601245352,2.427131890761374,1.6379512605875226,0.017052630908419637,0.5349079036037387,0.9932133274236536,2466
38,38,1.85382936001935,5.031514234687143,2.6529149322154835,0.007080942419581624,1.8432848427443007,1.3641082316006092,34
40,162,0.6368091545730356,4.966521828215489,1.1151175200332886,0.011441048764150974,1.1622957520600656,0.8712726344913408,619
22,21,1.8580729646288954,2.5477200607168013,1.6386272751808297,0.019051177373965295,1.9259107204063342,1.214574075381479,64
30,133,1.1726682829674797,3.759264630188387,1.657329090739832,0.01377785066546373,1.62856179415652,1.0789627907544277,116
44,83,0.6756005246414087,2.857950092317015,2.5230212634349445,0.012746143203008958,0.6516840141841853,0.9373140705343708,1298
8,146,0.6091445095462903,6.931160355742137,2.4124844543129926,0.0025456268321960955,0.6272565711277879,1.0871674109398417,1519
49,87,1.0559632206003364,6.876797403545016,2.894497154767717,0.019734020212634547,1.6300672778884124,0.787951746438501,50
27,22,1.2029909629911895,2.337819654091024,1.2376358325361438,0.003232998688764993,1.4738154531740952,0.962739671461983,273
38,125,1.9432588227118128,4.249223477142224,1.5714241725637215,0.017503383435599745,0.835393757779179,0.8520004797653918,1655
48,22,1.9548182400614587,2.2589594717034567,2.782286227396142,0.011026321072639698,1.9894471941789504,0.9507472667387322,11
21,35,1.6657203738911552,5.350425498414831,1.8484440184939526,0.018220733316799985,0.6667962234592271,0.9764724614733948,2229
33,125,1.8517370157364834,2.272678282048747,1.5619263791844606,0.019057818197454616,1.8353956758363745,1.07256811518748,49
8,195,1.9793161167194042,6.18897028411847,2.072192732688241,0.006881024709440227,1.720692529560423,1.3934844929820511,294
25,131,0.9160717744716991,3.128726958342568,1.9273968098799643,0.007713692332495003,1.375484167776308,1.0294448495572412,303
35,49,1.8663907767407637,6.9352234575390135,2.899599826583848,0.01478867065937884,1.4201227939036847,0.9053294890853599,142
8,119,1.9539538034286483,5.138587065020893,2.258797276270525,0.014219225090707725,1.1818115971516598,1.1086097926128102,1168
23,187,1.7990958342506125,2.2713120206371364,1.052733948994504,0.008152803970682942,1.7158299961727494,1.0626695806007809,101
26,94,0.9101106078960594,2.3382529799055627,2.7294447525101067,0.016445119173471474,1.999576509929196,1.4521373472288066,30
49,47,1.3911960730282027,4.285345139786129,2.9398287956292064,0.017000259539578465,1.7574930570667067,1.0136524644199592,28
49,119,1.6534811227707658,7.668594379294568,2.6992947813548227,0.005699613933120755,1.1758162029651402,0.8516784855782189,317
10,191,1.40926195167632,3.371856833020776,2.3434013688117137,0.012744436568700019,1.0372440770492608,1.1352640329798995,1241
10,140,1.2804615513556898,6.633910350413836,2.0403270022239868,0.017191448506052264,1.3278602581617283,1.2918665139719594,705
30,177,1.1052242993185954,2.804091370703844,1.057565352626678,0.015347607857798762,1.4304643270301969,0.929073292848637,247
36,58,0.7045572133801546,2.0872679940072913,1.701175117613194,0.012208436050238029,1.0883660676495985,0.9885352654925161,912
24,182,1.0223832005349505,5.083936934958865,2.567306025482286,0.008534312864104132,1.4331300503418103,1.0886687960450316,186
10,47,0.7082407589741152,5.845248468819287,1.3637601687982897,0.007567678383153401,1.8451826148590178,1.335604059345559,181
43,190,0.7206102213935569,7.559525750968966,1.9842325861590764,0.005906643377680209,1.188703634357392,0.9266418632668066,416
49,108,0.9931274154312624,5.800405125900355,1.4802912375563861,0.0024414032340646145,0.6933195828659738,0.8110737895006277,1862
12,35,0.6809538066509012,4.764672608196355,1.412667436811585,0.007921127359913432,1.2551259062822853,1.1467211795970345,991
26,140,0.7584798068024448,3.1537341128520247,1.0817372325329577,0.004209766198371126,0.9178855085479379,0.9093877660980536,1593
36,27,1.699115598363564,5.767402336945446,1.1635180638977438,0.01759799385802877,1.8813086007977198,0.9923936237206074,54
7,69,1.709301919689592,6.48955814230195,1.3690420387127546,0.004977637143397495,1.055708154187073,0.984290028327676,1913
37,181,1.2675161631734992,5.192680911591894,1.214344022679552,0.009500834969645638,1.2989258996825348,0.861671018877924,365
26,131,1.0533704593546587,4.775208296798887,2.494941876267513,0.0016969808549213601,0.8786554165160312,0.9509854632518941,1153
8,114,1.1155952404844922,7.894271701451638,1.2240778043361047,0.008559256381869091,1.9542056499130533,1.3771269203658028,159
29,125,1.6181592112764949,4.589957277378076,1.2551606055911275,0.0063917422101757645,1.0446234445979528,0.9299888581550576,1067
34,122,1.0341450888467694,7.919091492757878,2.211549638713774,0.005507309042983895,0.6526737089306056,0.9143601590368294,1498
15,68,1.065926244656934,2.120427186666358,1.6441583311663566,0.0050175121329343484,0.991246028266872,1.0417497217111489,1654
43,167,0.8868542405674098,3.0253255243403947,2.337286439848862,0.01865814379342413,1.3351443395208946,0.9446069979798475,207
10,180,1.390388680331073,6.074613914866937,2.578342477214677,0.010470401779652087,0.6303804321311355,1.1492822488429555,1330
30,70,1.6542393997879055,3.1222624913451402,1.6473584728084874,0.009083292333711919,1.2614155680266825,0.9535425918137567,516
11,64,0.7410220598893336,3.1194021443078346,1.5701903373876942,0.004294098310600342,1.8451481369396379,1.1878112386620279,149
15,40,1.415930063662449,3.7317833194415346,2.1624764428452243,0.003932891590209844,1.2217101527822263,1.0571108556724826,837
20,187,1.7459291116815936,7.790161463999075,1.2485944469710895,0.01488648202886924,1.9075106852315566,1.122672770869089,66
41,65,1.522254083335894,6.561367159338119,2.1912774812156885,0.00995994758245301,1.1177613712209027,0.931515926084179,641
13,31,1.6116809739350886,5.446838679079471,2.683657553516544,0.0036556751558995005,1.6929009677898352,1.208203547590354,206
28,29,1.0049064172908808,2.8064880616338455,1.1267499409455355,0.01980924441540896,0.9835307674620845,0.9355130911160084,1682
38,110,0.848319042720226,7.397447439647411,1.7677824427464228,0.011327504361165783,1.8597081664468205,1.1440486373314398,43
33,41,1.9097481854202127,5.766248318428508,1.6698112293141723,0.003646169380604358,1.691037783905444,1.046603000126798,102
14,49,0.7463986968964894,6.887448321388293,2.3303944413924,0.010938243070613266,1.0382457261852538,1.140346348808898,1356
44,90,1.7248991592073657,4.634809451421311,1.7538888588498152,0.009790915927722521,0.9520668112462132,0.8826414143453538,1259
32,116,1.8408388745764364,6.731583267347185,1.3033497594655024,0.006922719288115416,0.8727337097216986,0.8543158766672875,1700
38,26,1.3548345273069748,6.574752114444143,2.7535312735234987,0.007499553225602242,1.7318859570080192,0.8157716165707676,48
9,172,0.6912329934979736,4.383723743362204,2.5945907315591072,0.0038484311196267016,0.8438770928489623,1.1082166981723678,1332
37,149,1.461721449327946,6.1636906668026,2.0854488866951923,0.005784182119232102,1.0185439902558793,0.9376688502461273,890
38,188,1.8883527693601645,4.705036228424793,1.2264760916815105,0.019711982780284357,1.758347129668901,0.7780281152199064,57
31,111,1.4171813531519717,2.1086611029250433,2.744247817888303,0.018710247367188636,1.3476997753838134,1.0203541557797344,207
36,186,1.560857951470098,2.915234257485568,2.1525767203336263,0.012527585881274263,1.136196006953579,0.9947692788790011,528
13,183,1.3750876921491808,4.405108500581839,1.9240116072882654,0.01899838345262449,0.7300271046741202,1.0167203412897101,1735
20,164,0.5069480345069043,4.000995030146865,1.7963373871818866,0.011210516455820534,1.8797834246191407,1.2084594704033442,67
12,109,1.1283881742568218,7.489075406408601,1.7247877982332662,0.012031178655282825,1.4483964318792957,1.250002782671716,449
10,185,1.8048445430931923,5.113028342756433,2.1825508714898585,0.008581051373532475,0.582142458233047,1.0793868399505204,1574
20,82,1.6062518721646226,4.713307645338843,1.449209645879964,0.009596350806521173,0.7112855305696998,0.9246837161609889,2104
49,110,1.3930775259800656,2.4024588643305647,2.4999209407983556,0.004988206268816129,1.8470814341610706,0.9902516352398122,24
14,54,0.5548245017721423,4.832401670659996,2.129682266525233,0.002248464149138695,1.663291425042516,1.1850717721863562,224
5,139,0.7670539503046272,7.766421904816731,1.297325455506226,0.00887785835081345,0.6280245021179658,0.9955315539256812,2103
12,148,1.488385912865227,2.162575955020901,1.4439443238658989,0.005390421135173356,1.5078391153980926,1.1469726779411575,356
25,114,1.1611441204073423,4.404578365251956,2.1192806626164358,0.003949564672683537,0.7728921957429067,0.9596133370847142,1563
43,190,1.0599639744196294,3.6244680388613224,2.2879990864780315,0.008765949250863832,0.5380795334905173,0.9024529275616687,1325
15,150,1.7835447021594286,6.981319187401949,1.7943670592369096,0.013693617594842278,0.8074764431237315,0.9744907688296857,1787
31,95,1.8390075666154622,6.904661370430645,1.683634703395752,0.005929045235194557,1.0695386122509003,0.9349542949495017,952
47,157,0.7101697636496789,7.210807855387477,1.9748623964990273,0.01799649231098774,1.6997828839209728,0.8218008646930164,61
5,38,1.699874128059784,3.0712679723260017,2.305492215703749,0.005525472839887803,0.6491620891390177,1.0560748162465183,1993
18,181,0.5195028852661041,2.5130511851268085,1.4157725102920546,0.0015041118736025746,0.772153152634696,0.9376338756887992,1872
24,24,0.9030160390774191,5.249805287965201,2.2669564396522945,0.005899866023230844,0.7090341111092362,0.9993143498766924,1950
31,68,1.436223361773701,4.456469913147442,2.1040943617039605,0.009286404053571017,0.9416986393128766,0.9650084417068291,1295
42,197,1.2885352734540287,3.030075715089821,1.544614653038738,0.001349422854401868,1.8714482098407486,0.7375434261930991,28
5,44,1.8500279627721576,7.243340465375091,2.1948262043406164,0.012409820348239415,1.4975550118193832,1.244730340785122,890
37,73,1.3496069604453458,4.856302413194598,2.3273423307252963,0.018799765047170403,1.5988581458153754,0.8720926496167817,93
10,123,0.911082831030809,5.325068015094761,2.3028407767037287,0.01676509427043683,0.8096319076409049,1.1379018581770912,1587
12,184,1.1281557873381096,4.298831169496985,2.037835410565675,0.0018923533687260458,0.7494250531341191,0.9939228017689077,1649
20,158,0.6598973797006578,2.4508266904148526,2.4563775124072067,0.01041433500791777,1.5326035946416041,1.2167235377499777,171
14,25,0.8933960664497376,5.570467584201529,1.1028516269685007,0.010430958696823492,1.3952642733753338,1.2643593766766095,578
38,34,1.4047281641995824,3.4720946580879257,1.778591228083953,0.0064851809986432975,1.0335090746974238,0.9133510333814693,1192
24,64,1.7286534765112995,6.796495273813876,2.3893929417088535,0.006170757607369291,1.3853460003036306,0.9928046249704703,283
29,177,1.5983373296143417,6.839366887168699,2.317566733421435,0.014153254725839195,1.7737934773479789,0.9676038154245277,48
21,36,1.8759703631933642,2.8209117855137684,2.900474707641605,0.00947410968620116,0.7776993932579295,1.0702088622522903,1306
16,108,0.8318141627294033,7.926008047979882,2.8881186793732265,0.001749109416001612,1.5583627587735327,1.092846833266124,192
46,52,1.3519178458289443,7.492929785528251,1.0678919571715977,0.01425098507768996,0.9460235110588262,0.8338484924674329,1539
46,194,1.9163997336701508,4.845285299944782,2.7240853019786266,0.01704643857216634,0.9786507098648835,0.9510838943665386,654
42,26,1.3944048177230797,3.3800530237262185,1.2411337715545576,0.002462110830954974,1.5444331638172097,0.7337140379756366,184
44,115,1.9086015477693443,6.792699414641993,2.995868221066675,0.007663524493582493,1.6507824333966903,0.7465422479902029,41
20,150,0.5980345111984136,3.8917420269836622,2.0789825847506744,0.016023740131940307,0.9781287543981049,1.0461938904684458,1193
33,179,1.423794782273457,3.3977568485218024,1.048801563113076,0.01753187860411767,0.5319041162755807,0.8468992865620231,1939
23,106,1.4412581948275551,7.242062685118032,2.96816693839859,0.015597194863425846,1.1266501732510006,1.0974502639781796,523
15,27,0.5268109021001207,7.926334338416189,1.8555462674717247,0.008302206296033952,1.5194709240396047,1.2824602146603243,348
23,152,0.8581657186524535,2.662844678788368,1.709244315281553,0.006457540841427553,0.9444621806839851,0.9682468551730761,1382
26,130,0.7505509191381128,7.947011756821859,1.4633434027668868,0.01891190370856739,1.4744699734885527,1.088908610479516,221
32,112,0.8460047175766381,3.0591681920330496,1.4409724181403507,0.004542326980740836,1.66937671035013,0.9438360189254941,96
14,190,1.679517521623328,2.5364660138735573,1.8351615515698567,0.01770324784368113,1.9170980334371155,1.2002903028886889,90
20,30,1.953653945211217,7.302715309780554,2.855504566390426,0.019903248630282273,0.760842873829231,1.084556858279731,1409
22,156,1.5440309270806885,2.9233754380391304,2.6316662499812358,0.005264370864896553,0.8357264222339347,1.0046574527656007,1110
44,192,1.793191425898176,6.857096448349268,2.3104839612780435,0.011466290041573648,0.6304801398671152,0.8881546026413855,1286
20,142,1.3485979459936865,3.602169621016528,2.757259972710316,0.016151094410531634,1.4876777519876383,1.189992824419846,183
29,126,1.3701293117567168,2.5489210243865292,2.7549217252607607,0.006046400809185415,0.6942723819242063,0.9811303504375192,1133
35,33,1.776810371073153,4.970879162083846,1.961173154653296,0.012255747908530835,1.7370214488877238,1.0977449211193238,76
43,176,1.5625444650725522,7.022079970182032,2.3949429233385673,0.013922674663445708,1.4279170673227766,0.8377456666532963,139
23,87,0.8896306756404893,6.34052068213151,1.9917514701575416,0.002539878102245311,0.830274802924717,0.9684331126458067,1654
38,48,1.8213061387983926,7.231061166471392,1.0584945660691183,0.01669051826073049,0.6933048012101678,0.828747841165928,2278
17,131,1.9717792670411352,5.7908811621000105,1.5196071621283196,0.013046108358892614,1.3099780695737833,1.1433989209003537,524
20,153,0.7411398440724624,6.907802144714373,2.6642683559154836,0.010641886941455889,0.5095788075752503,1.0457977948349442,1207
40,39,1.641541853753042,5.247599472056661,2.9259840077179895,0.007495571154735036,1.4489328397009222,0.8600530419785761,128
8,124,1.018824585429435,5.725493106604863,1.0914840676250257,0.01755919931689515,1.9602334537660955,1.4878627113427816,156
46,38,1.9058427308546766,6.12731433380488,1.1356741182103438,0.0067183077719895085,1.5622581329679224,0.7327294913429101,157
26,158,1.5249430649097577,4.67541623826049,1.5472533325633318,0.019945365502996512,1.1392719533539595,0.9709318001761165,757
25,49,1.692214323124894,6.162093354688932,1.4415392255775208,0.0025652398667010113,1.5207489531120697,0.9745241759621541,215
14,25,1.4775002380638276,4.211158062342567,2.7287164996792743,0.009990988227139584,1.9522901418720826,1.1948005488760858,82
34,69,1.9262953433756156,2.9063473506854014,1.8646696020852038,0.01892870248318438,1.1295909753891835,1.0009602561112667,732
48,154,0.695129360195948,6.549579175574135,1.049173832917603,0.001420347479050948,0.9854153287243119,0.8003617198633498,1148
33,91,0.911322803523005,7.903865887758969,1.818668012630086,0.017987884869903555,0.8449319088366293,0.9312504659393341,1649
13,176,1.6648952791876126,6.625531067864312,2.6895664562337753,0.015459455827916978,1.4393304824471231,1.2863357677006606,334
10,143,1.145458842349194,3.2031483602020203,1.9831890934828738,0.0022199698044275476,1.3729571028715981,1.1654703348534643,629
17,163,0.9655429383853606,4.731320894490807,1.0232410798162013,0.0023764908680966187,1.0887403346100273,0.9839692200513016,1128
10,25,1.8812717717235303,5.699901887124428,2.5930745819523526,0.010148924678738451,0.6759622834435917,1.1405809213538718,1820
26,38,0.8630675237937913,7.919975559602879,1.2849910858030265,0.010478874915575764,1.4272336014771787,0.9992606605847791,325
26,128,0.9374938680639548,6.169891316759255,2.7202447943784094,0.015817168788973646,0.5594282380225357,1.0213658471127298,1159
36,120,0.5146562711287754,3.9587678494639515,2.035423286769423,0.0026694634837518337,1.025940396813771,0.9552251636382955,924
6,34,1.0953849143023942,2.796294524258362,2.135081696523116,0.01409983441360805,1.7008800486636244,1.5018273276897294,490
14,50,0.6568517605016004,5.81858149726182,2.412951452973802,0.0016001367516871989,1.9043183693655348,1.195245487985539,107
41,34,1.8422249840907914,5.285554256922417,2.6345955399249874,0.009594047405847704,1.4653665427947875,0.8348855068275877,145
28,151,0.6224449730458843,2.362112503943383,1.4942064680202929,0.004031348922150579,1.8076753498883025,1.0169280996020524,60
7,117,1.5635907791763746,7.225814742476514,2.4281738642648554,0.016232833578326045,1.0091752888142091,1.1251486934772028,1515
14,195,1.0053436876566604,3.0927074941321955,2.5793970142849583,0.013515447734516645,1.2472935746797085,1.1589676868855825,539
35,32,0.545978753308709,3.546097331067282,1.9252459134786326,0.01749717760275923,1.590753604649462,0.9900479570399495,139
17,126,1.8685450184250365,3.2639731340339995,2.2459331671269656,0.012999644181757891,1.5996695336229214,1.163195640923925,192
29,149,0.8426821119969481,7.978003496340452,2.9495863242935663,0.013356188040591799,0.7993136763937176,1.033421533097048,943
39,43,1.954731567617817,4.7227372483018355,1.472100926692928,0.0023964381992702404,0.7546368576313112,0.811681557755564,2172
43,108,0.8708466116047655,7.224499407635069,1.890610510005331,0.010781529724664115,1.0388500540996486,0.9426672961473307,908
38,96,1.0189024888204443,4.226232577907616,2.9752991274721157,0.0017620746368371672,1.8005472441836727,1.3917311603825833,28
31,49,1.0866223049776411,7.816473934011725,1.516266865402255,0.013477996626284551,0.9877850963370423,0.959531412016486,1422
28,80,1.7433250488239143,4.585325141970836,1.4974285451752598,0.012725754745476572,1.5601658253281687,1.0519222668468948,179
12,50,0.5550071404003145,6.4184120903938435,2.3276090552436104,0.010017986639246464,1.7662556734537957,1.3162776438126207,185
31,98,1.5878864906227048,4.920013648548217,2.746846476163321,0.018113335416213912,1.1325813903101831,1.0469854637424354,487
27,27,0.7225148014431333,7.919780737753081,2.9302373928720913,0.0010938596377537827,1.9277176781348584,1.3017142594989586,34
28,188,0.5590153110027645,2.732659484060161,1.9043980565668706,0.018743625333030194,0.9742341574651258,1.0022495101827968,1143
41,125,1.8024069207698878,3.2350472602206093,1.2238392387954558,0.006125242618822802,0.5856302841339722,0.7854994097214593,1968
6,75,1.55702114410497,3.2111207127376904,2.3468648666498346,0.01942832887603814,0.6408510736841275,1.1157103041179257,1734
33,176,1.1821097834507888,5.093576171475501,1.9776931605138404,0.013670420893375983,0.7094768821344694,0.9208079938127688,1550
10,148,1.8635487809984614,3.078098653221452,1.4750866498477553,0.01945650678679115,0.7714654290642347,0.9979871251635829,1999
35,109,1.4267708603018208,7.213429906872309,2.141219493277659,0.0015773541342399004,1.8964230432604667,1.3305458674295108,35
30,152,1.817773341952022,4.424841929906198,1.6540663231264774,0.01368427432570811,1.7117689129118878,1.0206123651759584,80
34,199,0.572318058290834,7.863045105327904,1.8138159214457412,0.017544315556407925,1.6735782260874101,0.9760933476004452,83
36,141,0.8235127285965758,5.953312821395944,1.787728811308317,0.01337342656378835,0.6598895454619861,0.9028926349971086,1759
39,163,1.1533749722193996,6.90700529705013,1.2404181107412169,0.011345292861256143,0.5086379907471823,0.8177440676537318,1922
35,99,1.802213381566258,3.0628987366843154,2.3852519044523293,0.016924190503314094,1.9169213292110348,1.314806443855686,30
21,60,0.6097938856526655,5.620691560288267,2.3364255971100327,0.012770316574182674,1.1952410657008585,1.1554329756031425,635
22,124,1.3004038200903176,5.647430556760668,2.5297665230842563,0.016446729035605775,1.5771846143397417,1.1732604496890766,137
22,175,1.278622677704327,4.875091265778385,1.0512841316128714,0.007483708724896971,1.0702934281787857,0.9458761510352878,1036
36,39,1.3509683294433552,3.5393767022081826,2.9258537504751594,0.010187367287678571,1.7089888246627372,0.8288135220092882,49
47,23,0.7936669785253192,2.045377249868853,2.294949428309206,0.01806258043004975,0.8652234448644489,0.9505102834237321,1514
19,85,1.0942590374138832,6.172803240139173,1.7771162025406915,0.009525178829828083,0.8563161963114911,0.984799929829977,1779
17,75,1.7045388467489953,5.234967660051527,1.6226153983120073,0.012596341882907449,1.5742260113347903,1.1580241893190808,246
29,27,1.4497270633910335,7.7084200532399425,2.2032236402926624,0.016564588329109012,1.8263096950226116,1.113037205517176,63
17,94,0.6828291400054214,3.086896097208082,2.3622357079299654,0.004447328606216912,1.2877450755005904,1.1018151714965592,499
46,30,1.9016540402082716,4.1097361234378065,1.202841656898433,0.010231563424540187,0.885164851580762,0.8177124872322179,1931
15,58,1.4164714832764875,4.4661708188402285,2.6797226057334407,0.01810043934456221,1.0301320689540772,1.1291253961449257,1111
15,160,0.9122090533222041,6.9356859110820706,1.8474765072975257,0.013683448086537937,0.6433029707520023,1.0017809649520353,1805
31,109,1.981678280322331,2.8186385153403988,2.3902891080951876,0.00868205659398155,1.1422994223884222,0.9668557821697268,553
9,24,1.462957250664899,5.642564216532684,2.09339482542814,0.005406994826203533,1.086358993858272,1.0726176609351732,1801
20,32,1.2785896863624056,2.4056753815532894,2.600713015644723,0.0054405295562982275,1.3100178719067659,1.1312063845683584,430
37,144,1.9868839905532825,2.7703657367247514,1.2082192987683327,0.014762437525446082,1.3675803755096136,0.8499044342589024,298
44,137,1.299436679827003,3.9460025186922536,1.6660038261163959,0.013720252148765613,1.9912090418317514,0.9831458700509041,23
33,101,1.3799126947632112,3.0080852464691805,2.473747489888364,0.017393144473321343,0.8251097001361635,0.9446629402998861,1238
12,144,0.8014005329885847,5.214966106838488,1.1933528992934392,0.009557047788905516,1.634244993342869,1.2800259637043956,244
17,34,0.6284873743946457,7.36514524798471,1.3837346494374858,0.007144059680194895,0.8399846033404821,0.9729465235300071,2334
20,139,1.6931749411845938,7.563066916876716,1.469284163710907,0.008587002400376855,0.7286240199956262,0.9160547765914371,1956
34,120,1.595975765358869,4.791233673702309,1.1202846852015704,0.011683639501680287,1.9364379267580702,0.9728319968809884,41
49,186,1.3099356954208394,7.052199766258528,2.041915954544084,0.012848128072052434,0.6336866481740249,0.8712041880456293,1466
38,42,1.7391014453787925,6.692168526022315,2.417489395485953,0.0016870472299704803,0.9546925339179929,0.8690575960239731,1137
14,187,0.6745495968282141,6.904698250947149,1.7612465869531602,0.017681512088456322,1.8020850351611755,1.258990178853692,126
16,84,0.6314641201457578,7.6217469381863765,2.1076044814247528,0.006804961902502447,1.0954722756114252,1.086271041184236,1065
21,32,0.5387178604242304,2.810997734928937,2.9262302231783477,0.011441061182005323,1.94873324172983,1.315077002102396,50
41,162,0.9570187086470612,2.485515698307513,1.805960357530323,0.004296965784743665,1.5424266333536925,0.7733886765759733,132
25,128,1.2735191415447467,7.516351839286504,1.9939269658116605,0.01985100228164294,1.7771374366176436,1.220827604326704,66
26,129,1.647214701354493,3.0490317635624753,2.005132152926885,0.00857459752767395,0.7195609882433737,0.9494282795971826,1637
32,137,0.7280372796929722,2.368097762664009,2.5615231721368796,0.009736208051617082,0.5872456932582137,0.952475843185478,1257
20,195,1.461458116017998,6.9348833818061655,1.2650493454836969,0.01737827516317983,1.8841357857700916,1.1587050189990515,70
24,76,1.2592127942603661,4.6370701317974605,1.2113293685234878,0.013175699979113917,0.8240572737643994,0.9120887164767285,2002
18,38,1.5382420125411977,2.3737507887803764,2.0188442562995794,0.01993724022320656,1.7209554042590283,1.3013455055517802,147
32,75,1.4358437544374576,5.162248783469909,1.852166767780743,0.00348349715806379,1.8299063228607002,1.2467310804242426,53
25,55,1.0516390263159345,4.484778515173562,2.655075791133749,0.014938673230666638,1.6539573404620098,1.253770039507256,94
49,30,1.5425528432878297,7.902073551580481,1.4783602084318512,0.0037027380050567273,0.6820774091336433,0.8195186222930991,2337
11,78,1.6060356160816995,4.856108776212599,1.7517765702915387,0.00849504929283067,1.18917015260898,1.0453076915968373,1114
29,58,0.5181811619658399,3.4472087455972487,2.9517475098201076,0.016229205125776802,1.9393649664815502,1.5038538585221386,31
5,94,1.2220162274529853,2.11515366093834,1.5196264174900684,0.015445506639320563,0.7056645585934986,1.0284004030262828,2158
40,180,1.9330020297558925,6.721420317531771,1.6308137914960255,0.0140745594156443,1.1564046860830879,0.8564014044331301,573
26,39,1.3219392334605393,4.726264007359765,2.688714165479232,0.0028635690349006473,1.2323617055326672,0.970729824612259,428
16,171,0.5576395234434874,7.410571952812541,1.9229549292494683,0.013106828059357329,1.489030883308674,1.234853513961402,282
45,134,1.4209003771400925,2.39991224336414,2.036816043890408,0.0038532110155237915,1.6061506530822283,0.7603557632997107,91
28,142,0.5625093509035763,2.5087520962748195,2.4326467761253645,0.002369602383974794,0.6068850916478878,0.9610161658562093,1355
5,192,1.6062625391885104,4.1195084510123845,1.5930711625753105,0.007644361365171141,1.6619802967717727,1.251524198947581,488
48,163,0.9392330550514472,7.879821976153104,2.203763179272644,0.012066030505937683,1.622109769144298,0.797683971213276,76
5,34,1.9517900522675458,3.7726686648645216,2.538446295676267,0.01286860780823101,1.0729094594793438,1.1228116976200069,1762
34,53,0.7611640030011265,2.590373898280384,2.3206054394026765,0.015523080582212984,0.897569642487506,0.9810363791014873,1327
41,138,0.6921436195493,4.02960503596699,2.8561672806520995,0.005267696625033186,1.05825053575627,0.971387880312176,505
16,155,1.19080924591121,7.051991317340369,2.4569813543232266,0.015752501483494767,1.4842427565216072,1.230579633694371,263
14,41,1.4225194520583,6.647802683826728,2.2878085070822616,0.011075740531734008,0.5629268351474543,1.0594070083063725,1900
24,99,1.4194093737417883,7.658455026468245,1.48138542366501,0.0033085261497174433,0.796205734789906,0.9091287116005901,1921
44,136,0.9288601838587403,6.895681633811703,2.722739992726872,0.017083772435115285,1.8783898004593316,1.064209413794259,17
12,118,1.9770046092867624,7.624328398982714,1.0863474715940233,0.004131481498859306,0.6975931601818428,0.8555689719481478,2157
37,167,0.8202670494660078,5.0351161577109735,2.6814060560224,0.014923229350558762,1.3133558082377723,0.9909784966615792,196
31,111,0.9463226769782309,5.390131957154097,2.3777706041001814,0.017593135401355348,1.4544370309688721,1.0085512810866395,171
39,48,1.192336211629685,2.05598971896256,1.493357729043246,0.01480277258714709,1.987714927024045,0.8647584677810427,33
44,199,1.0524642957602726,4.691663785727256,2.444141876405474,0.017837719828836418,1.3895665012801763,0.9305687127325409,148
9,92,1.7001064530487393,3.224213807773393,2.1101698986045725,0.014928354624563822,1.4239781753902685,1.2634955718269587,632
22,94,1.5434272197452104,2.019309581625672,2.2391786749196814,0.00775436719838579,1.6912959969156263,1.1249498497493735,111
38,56,1.9371102201790702,4.207644507812507,1.6538632326761582,0.003828872956316449,0.9584063232353224,0.8545713200686389,1444
9,125,1.2214593348291856,5.853953155431364,1.1297071889659367,0.012019691961134494,1.3422268819392855,1.1574299748707377,757
13,83,1.6756876767280957,5.325359084792099,1.0104592270858255,0.015458824440533783,0.5529670324103586,0.8946853081358691,2258
30,128,1.5147019058395434,6.829933998084618,1.5396414402564287,0.01667593879342118,1.2473835233951804,0.9482050472651519,500
38,199,1.8996699970153366,5.85539119721115,1.842496106588144,0.013087369929456423,1.678477427120348,0.7666754939550681,68
24,46,0.9922891304139674,4.604116197043251,1.1772008593592345,0.005191627101513014,1.3973379410956082,0.9946063580773163,366
8,30,1.0013574780440913,6.709381862668805,2.4153618694818313,0.015983684328775723,1.275903584662414,1.2371411361902895,1157
10,93,1.7597034284534259,4.302997711598264,2.143744542454373,0.012167617856381766,0.776714379700459,1.0910575625456982,1776
21,80,0.5392950627980972,2.1451505833481317,2.6633940873515467,0.0061883453894834356,1.277118149358223,1.1332484016381827,399
24,151,1.6482693484866646,2.9534490060161214,2.2204502989552823,0.003571727563276025,1.6270626290435686,1.1121815817352612,109
18,189,0.8889451382986606,4.57794087643361,2.7454605009692035,0.016996737769044364,0.7791521267694159,1.0757002731881984,1105
41,102,1.2244533081280329,2.800879834495663,1.1612030275142493,0.014830846832501538,1.2446917285329495,0.8433797977935498,459
45,64,0.9079245891929465,6.556389574507782,1.89947968490108,0.01575750058214844,0.5980492363465779,0.8966279767172193,1841
34,192,0.6034370245346318,2.342328326907526,1.5643741493864003,0.005972407990982214,0.8704681986079997,0.8977454557337504,1523
20,181,0.5327350951632343,5.982738117053534,2.926788868427101,0.011643195485774995,1.9052336930496376,1.1991451876753982,51
7,95,0.8902366864430767,6.384925789884379,2.9625941809944933,0.005874071186440708,1.4812619022111118,1.382049923392509,605
13,121,1.1958987300325044,7.832031977789223,2.217054545392933,0.007640621069649557,0.6711436773319001,1.0314273364844868,1633
26,26,0.5939798051830318,7.438624720066466,1.2784907422351903,0.011115992963229123,1.1166434039010598,1.0142293222485363,1075
43,150,0.6015025428500024,6.2470105833786125,2.087076434685292,0.002552781569188787,1.1874509622929847,0.8796479565543996,418
11,60,0.8764499920104469,7.103696347046827,2.12244557656505,0.010944427316112962,0.6721533078038262,1.0928115701311623,1915
26,49,1.9185472205004235,7.099852228883972,2.3380446746582164,0.009783615659011535,1.1176483123767627,1.0159191129963314,739
14,178,1.8193727824272938,7.2234705502760415,1.4775924227630786,0.009573547539438773,1.9774844842113126,1.153094569916681,76
40,56,0.8879312523320582,2.9882381205937754,1.660430129742995,0.015378278608084064,1.2790787892559061,0.924076954110842,413
34,118,0.5934096588228284,5.07501589262199,2.612807234465679,0.009725557674342203,0.5779348663314026,0.9659985638042393,1236
39,24,0.597806886890738,4.783588260873996,2.8184404117231203,0.01123533416110157,1.2467187620514353,0.9797524718116629,292
45,69,1.975282209072833,2.8442691682925503,1.40403133680498,0.004500271945522496,1.8409845650118055,0.6975265528222667,48
28,71,1.689281628550759,5.465560195286945,2.2691648351006073,0.016160369032701988,1.0939557089936822,1.033867092964282,757
34,47,1.1604851275525234,5.691788150418812,1.1669281699787666,0.017765910999739436,1.7054053031623027,0.9554466942257858,99
46,115,0.736932234253022,6.1753947090128145,2.586522700876509,0.007018471864283006,1.7857688854981295,1.0340922993616606,27
44,96,0.7433501086737191,2.0756451198545545,2.119511367276765,0.011020592820330851,1.5790304335537377,0.8212756255508267,101
9,138,1.7331547409003383,4.2825200450453735,2.551223701850655,0.01932505642411542,0.8056496886915336,1.1048453928439395,1422
45,34,1.5972447355105435,3.124471664585493,2.716354106314328,0.016562206763371466,1.3111906324783167,0.922783598592185,216
27,194,1.1266414689126496,7.904661914218987,2.335839997607254,0.013058754191824888,0.7489323429436775,0.9720919180655829,1302
36,76,1.206751848399222,6.92982138626283,1.9185303943464278,0.0077981670411833934,1.2413186708754498,0.9712406408754392,433
42,104,1.9686574070227318,5.804852829774421,1.2525294831290055,0.013847373679433245,0.9876560231475484,0.8337746342518592,1231
42,80,0.7606423897036156,6.272084121984685,2.651956425416164,0.002912112091947133,0.8598111691339171,0.9393442153811072,1052
11,82,1.175526468358119,6.492958021779839,2.3022951697633482,0.012797642782090193,1.0285624199144816,1.1043749916698062,1404
45,140,1.3406609464706598,2.6659368152808867,1.8941110876128509,0.0097468071528366,1.796845414284005,1.060742937049203,40
35,32,0.762322155763939,7.1344235534347185,1.4543591140470298,0.016903781379615863,0.9189141326816157,0.901349233516005,1847
34,188,1.806806723394578,6.596388659211815,2.5768946865065976,0.013634713166043911,0.8904302863490046,0.9401625305662739,966
29,88,1.965200492765989,2.664323559957894,1.8450968566238892,0.0017984688282567005,1.6098561811503955,1.061484384736919,135
33,144,1.2689821297175794,3.8318640601803877,1.4252887527421922,0.001630597736686098,0.9559196018610857,0.860578675611814,1331
46,70,1.7875125151986813,3.753309382771387,2.8215403232878304,0.015325276168338894,1.707360165262158,0.7457807010452943,39
10,146,1.3110477149673656,2.5792068211726447,1.483787656517678,0.001235676689268981,1.2031519481967587,1.0193478386716743,1022
5,193,1.590006488105485,3.8285065723168,2.6587893297176937,0.006348902769883669,1.8091307593491919,1.331808991367026,343
18,127,0.9458567115629257,3.7995146690419084,2.4863863974632068,0.0019147138835887154,1.8543424927879808,1.1389934013868528,82
15,112,0.6563372042125215,4.3070679658688755,1.9753341372425288,0.013392260931363975,1.9257965788793052,1.2186789073629378,92
42,127,0.6723994955893502,2.563143708940137,2.819253638873185,0.01371480499582349,1.7439301989751332,0.7681549170229564,33
44,122,1.276169527632562,4.582564461925941,1.6338931755822386,0.009257323256315522,1.6608194835952346,0.6709124590008592,82
32,180,1.1650700215687815,5.642537472312524,2.2626151061839774,0.012242246083820185,1.5539506596282746,0.9170274401587789,105
43,140,1.3898323551610765,7.353814988837914,1.370660359057429,0.0025004140816257438,0.8592652548643072,0.8217115872658437,1571
40,26,1.3742102526252344,7.972625097147859,2.711392187675079,0.010907468091828198,0.5954613639299635,0.9584776427177503,1490
26,28,0.7100361463299765,3.660885846747835,2.9430653818021013,0.0072955931349579645,1.2230615871681239,1.094837562527748,412
32,153,1.2593990892428042,5.804624188257987,1.1418644322675469,0.005833440035995093,1.042779639807708,0.9006507903643417,1039
13,129,0.9210248232739615,3.2419554706305607,2.033145256891958,0.0011046101840479956,0.511496048973838,0.9811195859002261,1741
14,26,0.6620386311960371,4.03316389603251,2.605171359159626,0.011868924224016714,1.2690015889346247,1.1906125718402378,690
18,187,1.0955225618557876,2.522556600774629,2.2341330322356026,0.0031629294760554265,1.0178347142025381,1.0281488730724302,1028
27,177,1.2403198705101781,6.213552596189985,2.9856336779981407,0.003498293278061651,0.9120972882792793,0.989328492444016,779
22,95,1.1165316128983187,7.445666015339329,2.4280652889337127,0.01255019906772337,0.9640590767941731,1.0531929653466532,1078
32,177,1.5859595831991407,2.7233504984221417,2.804906614571683,0.0022624330427597227,1.3009512088216457,0.8592497129172468,211
10,95,1.6267670717126272,2.426045987199533,1.160360028163807,0.0077406545448837,1.9125885674283876,1.3074263489700144,134
7,128,1.5298848702389103,2.686925828395431,1.767677766089959,0.0096684936701553,1.0535795326413748,1.0528592089806623,1691
10,120,1.0147510297589872,6.3750409252966875,2.3045832971838793,0.01706648289680823,1.538739240003838,1.4656658325606489,387
42,191,1.7317974238253397,2.0093906311488374,2.272802740366814,0.001971572247399914,0.8864108305005828,0.8673189207294574,1058
35,142,1.0428799862567975,5.56196474725123,1.0202623680554868,0.0130858248817813,1.869930421364355,1.007773950179181,48
24,141,0.9130717613831278,3.837880992669276,2.5779703198415866,0.009481970811630061,1.6975705107775287,1.1578168312177364,77
11,22,1.1330513901914585,3.7702442459249372,1.972000987595206,0.011966797847956467,0.5656086084634211,1.0605900539405249,2398
42,174,1.874952853761811,4.5859113230797774,1.6377336366422777,0.012061776185288163,1.0567586351564413,0.880536162796624,852
32,147,1.5326075277382052,4.247317322120728,1.3337204033975056,0.009180057430781943,0.7138912161228631,0.8476937558058278,1901
45,82,0.7316896208349857,2.152686559434505,2.2916447725729685,0.01310114403164012,1.0109062498719374,0.9622654629753906,857
39,102,0.9338671579589818,7.4004990980988845,1.2322779204010512,0.019162457750151067,0.9709500760660292,0.8829134345274273,1331
44,128,1.7400610396122311,7.904078979262786,1.5768108756374914,0.019261574222744268,1.0842228423536304,0.862837858064692,782
8,93,0.9668262425950904,6.062723838410056,2.2115584989053807,0.00792728083575326,0.8268388313824852,1.0906065971164505,1751
22,81,1.3121114110213778,2.9248702590709224,2.1074229707160224,0.011292391435790076,1.642852718907305,1.181030916830361,144
48,89,0.5584940188623674,2.1857347455160614,1.775973519893739,0.004040473792800687,0.5350281444922789,0.8781834903282612,1826
49,101,1.5324113536703556,2.8433178054701647,1.9711793993187956,0.0015231976775198443,1.258182676865675,0.8130874237272903,341
42,99,0.9534998740272407,3.556009383902567,1.3892476734097439,0.002095304061781473,1.01367196825207,0.8670857495065057,1119
33,108,1.1026682009814863,7.963090333398189,2.760629524297854,0.012844713205029362,1.3540660417734243,0.9775510700215589,190
17,193,1.336563239375066,4.083662234183045,2.160935201987392,0.0036447373255682146,1.1660656238033043,1.0351251474640943,709
48,183,1.5832148531838588,5.2003197725921755,2.73993831929537,0.0034823945326457953,1.6857646914123274,0.7300588542629382,40
39,89,1.2669131933011268,4.953952880007091,2.1545580584662627,0.01744596576686649,1.971109015375144,1.1337669597623932,23
10,162,0.9136513523770354,7.262543486109133,2.8880841876507954,0.003827123418697197,1.1940134075980904,1.1899508815065425,787
43,99,1.7704532813105907,7.35854123117249,1.1249151872381429,0.017785830496735152,1.1724785830541333,0.8374988746884116,613
32,56,1.092706614896478,2.236757197345396,1.9510920749736533,0.011317467095195599,0.8416246041548143,0.941993336193932,1706
27,132,1.88957391009513,2.1146965665785844,1.9536869366356342,0.014066718806180652,1.5840604365473427,1.0965058142316297,133
38,170,1.6107141979302786,2.8571017238050316,2.506855844513938,0.01560953286004518,1.4878107735050823,0.8265997990490168,121
23,168,1.6467916919820764,5.441173708733439,2.912094287223866,0.004809015795039653,0.6638963154644322,1.010025258783644,1007
49,107,1.7953212837718178,5.5323891327879196,1.7506598158392037,0.006429887554991534,0.8048346366291309,0.8454377001931468,1609
39,172,1.4204061713561877,2.5316282838180744,1.9752556193344217,0.0024753373587604963,1.1113145465486463,0.874942934358523,639
36,44,0.9490933825575218,4.1522931525020805,2.60887441535901,0.006296437575876507,0.8160574458008047,0.9618366165244862,1341
48,21,1.9967312835229674,6.060927793144374,2.6569385988982344,0.00659776853057767,0.52147291650059,0.9183322017792878,1544
47,114,0.9493485169308109,2.461172451656981,2.0012485361408356,0.016095795345324224,1.5606297159000473,0.8784024890552162,108
46,92,1.8591665031987457,3.9289742074872915,1.9528739726875832,0.005294550958503994,1.460714063263766,0.7862838603202585,166
49,128,1.0367211261703233,5.88690467594317,1.2458413569307751,0.017884522525042575,1.2546259261697545,0.829969352157167,409
25,125,1.4371757941841037,2.430654837359078,2.3652344424468046,0.005596701925995062,1.5709289487598848,1.0444453821410045,122
23,31,1.023230800954219,2.665988592747889,2.6164704200184445,0.019006072493324946,0.6084747128869079,1.0427480981835495,1599
7,33,1.1043099239489558,3.7717429642876596,1.4647686461120957,0.006339085479265558,1.7052241149453269,1.4966700124003527,431
5,112,0.5702778627914047,3.6570173469253966,2.4139529749114326,0.0021911028108154516,1.7590077385340035,1.34276850800783,415
42,164,1.3287514511118337,5.121019353864507,1.2857519226788234,0.015731576857659576,0.9071140706700715,0.8366321497098628,1416
48,36,1.530528899754864,4.962884242741572,1.7752976109112941,0.013021525696223418,1.5557856374514967,0.8055964119995108,130
5,64,1.6113560842281072,3.8976208983758407,1.203784776132027,0.00784444445720813,0.9055899295767883,0.910580203791942,2277
42,76,1.683398707664011,7.351232868864408,1.867634839153059,0.01828891973323345,1.0659770809447893,0.9308989562282529,857
27,71,0.7007425444995397,5.77734618135042,1.1086640696458077,0.015224259448397798,0.976380192891675,0.9602315040637912,1482
5,50,1.569569075951478,5.998312481469239,2.9320950102573544,0.015459718014764878,1.926159061597007,1.4680496885641983,330
48,110,1.149093704029557,4.746197630955764,1.4177654480103274,0.00800543624643111,1.054719883980765,0.8348720431390515,901
36,73,0.6580473833762848,6.690943180069613,2.288298442951832,0.0019155342354726284,1.0400756988514674,0.9629920711882403,844
26,178,0.8236110187646812,6.0668792018602655,2.2155042445054454,0.006610728073864823,0.7049013554767589,0.966801881697609,1425
7,158,1.1247566478558184,6.93307932089854,2.700696002239791,0.005027887039274503,1.486030223255193,1.2949271288917388,567
34,152,0.973441015645025,5.868995624133882,1.7902618152230065,0.014550930782369735,0.7988229123410797,0.9116585093398214,1615
27,92,1.2964065176181407,5.570790049434089,1.0198476422556713,0.009817808029616574,1.9452488613313825,1.1437015640171249,44
28,141,0.9677957868753249,6.643948268916575,2.5458429637522304,0.01090462490542864,1.9640207349188203,1.3707983719814276,29
42,22,1.0686410730079043,4.024073280614556,1.038655261835202,0.003362999581009694,1.120464012377953,0.835009545512722,972
45,71,1.0516789816342293,2.3485517124820987,1.2230244246425528,0.010801376151534234,0.9013890150919572,0.8516443037914799,1585
18,159,1.2769407915688684,4.0885735590097285,1.7434785898126606,0.001025718888593895,0.9497007913478539,0.9365422453712454,1465
34,195,1.7705912404758493,2.1415697878731748,2.7971212093496787,0.015880769852673893,1.6705641853564706,0.8367522800932221,48
10,23,1.655237317635644,6.842933224189295,1.2404144582411525,0.006046073826213515,0.5263285450499433,0.9440289089703131,2805
33,160,1.367447599130541,2.881776257529258,2.622247539866942,0.013083139436110842,1.0822485591904933,0.9878352656864122,543
25,91,0.954373593249789,2.3941691537261947,1.4564707269873982,0.005685469064582468,1.2261156045653023,0.9878862315136003,602
38,105,0.5867666741707409,7.7467388059292235,2.8854486381882243,0.01591860131981976,1.9869918523463308,1.2139534869111606,16
35,66,1.0177883127413159,7.5049150587919415,1.5810090113428408,0.009929777095000796,1.835211706094022,1.0432188347530937,60
41,102,1.3198657130484424,4.596896013256815,1.0877998852860102,0.004149245816582962,1.1683124581128363,0.8298341991715785,631
29,193,0.6134075609251262,4.194084489568228,1.4507625360135317,0.00472082859855113,0.7112044233390141,0.9055586320885286,1819
48,115,0.8628399411693337,5.0036214269282455,2.3592406654702156,0.002448545141497725,0.912055722571838,0.8840086751554971,1020
14,28,1.7654744960777355,7.887155174984695,2.586285747993479,0.017221913512388675,0.862965695475568,1.1108627977505925,1665
36,31,0.7209545664184556,2.047049544631501,2.2618435804583266,0.009505795082797946,0.7014122763534133,0.9628683212438452,1809
48,55,1.9271447155427484,7.968915763795707,2.4234456114920975,0.019641730904044617,1.3543096693506556,0.9118232015871828,203
40,183,1.9155523892303312,7.760813626432683,2.0429192774429437,0.01956885025183857,1.6359653107016583,0.7947841289401514,77
16,98,1.3903414030681789,2.43848937216209,2.2446865292344924,0.019642378898483595,0.7851614746755915,1.0240778254354341,1584
30,158,1.2483434968039129,2.0726187006566446,1.0180769381585844,0.007783557535430231,1.889291102647673,1.1017175513448771,44
46,198,0.5673669484934238,6.566047540972352,1.7434481328046865,0.00845670553836012,1.631397460020534,0.7842233360867353,84
46,191,1.3656838790574812,4.142726955803017,2.5750981717175585,0.005769026281983705,1.3461110432502768,0.8515316409984522,159
21,138,0.8605983693402603,3.1495576744089546,2.836478173350874,0.0029342699760412008,1.2589368616023975,1.0268602998713725,359
24,25,1.2213352199045135,5.974604070206409,1.2370052471963031,0.006488813839274148,1.0967549382532353,0.9533188463496958,1215
12,105,1.577496763058006,3.4840418949145002,2.2812303670977747,0.013665409101885764,0.7440496157128489,1.0441205362864854,1634
14,27,0.5540282274371395,3.051330632634964,2.7335407090120007,0.006367096135563507,1.9256887558629436,1.2696311781756067,90
15,134,0.8331138060399809,3.930019937957292,2.696084179202968,0.01484836740312899,0.6430989159698159,1.1159918479720226,1261
31,98,1.370133252004182,5.100190311357607,2.51755250751465,0.006367425253484193,1.0295755874004535,0.9921773529618967,763
45,190,1.8388373412297119,4.516687963743881,2.5607310060137634,0.010050378932720878,1.2463097782191532,0.8880260739447661,238
14,126,0.779203846630022,3.989388194403163,2.7100604032398703,0.004934440375006249,0.6067374277601492,1.1199232958070806,1276
8,189,1.2603806569427518,4.45647243090211,2.621757162015837,0.016880692630299805,0.9982865496734069,1.1685050697182982,1275
36,158,1.4819760302989318,2.9095704488005962,2.751766167034114,0.011242796501984165,0.9237086395550056,0.9484395316320148,835
24,26,0.6918002018336263,6.593280503095166,1.0000232695107323,0.00891475074116355,1.2837652716283827,1.0417443811145937,594
37,194,0.8364402249275675,5.978283150820534,2.48379265391743,0.01712008220271997,1.1339437955204137,0.9967204364728972,447
18,78,1.5689319996477693,6.900676799033816,1.3632279355132053,0.00804787915499754,1.852910295123725,1.123973867479149,99
29,147,0.7509819560015906,6.683790304553343,2.1675455610282235,0.0190922139282543,0.5636334473103375,0.9600520395888335,1523
7,195,0.839187996874508,3.8251923178176854,1.6078850245100547,0.005377916580229648,0.5022107331294672,1.03082129892965,1932
27,86,1.8993872938545082,6.965037919239327,2.3944187638192735,0.014572206078964953,1.1925742157196786,1.0307652110288512,504
16,128,0.9448398683088961,6.2865449844274535,2.518010565043862,0.0029478033172630146,1.2707816963101517,1.0590166373709935,488
41,197,1.6313723895231211,4.359171206167534,2.1812756679892757,0.013559270830699084,0.6176837244756859,0.8886210897486804,1380
46,145,1.5934715924837246,7.1701454227240715,1.548143178684382,0.016334347173467358,0.7928609044347381,0.8195467231607972,1654
6,171,0.5171269751811105,6.222198677774306,2.940514219452114,0.009315565234815866,0.8524601074939291,1.268525321011659,1175
20,80,1.9677882025837108,7.139223342487561,2.4023397231805195,0.014814078470692413,1.3431091916038567,1.1725735611257884,371
47,109,1.0707765648048417,2.9782120215895462,2.5724113045221157,0.014954434709436238,1.0765325577862024,0.9307164674445905,534
36,167,1.319645474116771,7.802211651536878,1.1033374433159222,0.010591116367786035,1.5776809209838252,0.7926243565451304,131
43,52,1.700005222645522,5.316242454311272,1.7931073639799264,0.0035025855430027776,1.7979436383633687,0.7604789128325221,58
29,71,0.9601648992832118,4.11775102071414,2.2425848980992202,0.0073469493477066146,1.5990485758854205,1.0364348477242706,122
33,122,1.7492455651824066,7.436522362887564,1.0243135429547736,0.013806378462117061,0.5777536986795935,0.8294778088969907,2041
7,87,1.9166728740414551,5.850406383791349,2.342958297334414,0.013013360919115157,0.7984882084391551,1.0916037076206007,1703
23,32,1.6756397637261609,3.714549947556236,1.8655337591985253,0.014023433781216128,0.9986842357230681,0.9932554732906366,1508
12,75,0.9350682979436553,7.228484205145126,2.345405988417796,0.016136946546636072,0.8757018481887484,1.0911526919880818,1597
23,155,0.6520593463297387,3.6671166565382736,1.5526382169317072,0.009208359624295614,1.9705531114132775,0.9182280561153829,44
36,96,1.0197862519290775,4.385674271317224,1.5285525263172786,0.004901325835429196,1.224559546338335,0.8822768683108104,515
47,73,0.6381004791237131,5.594267522902289,2.2472975565805324,0.013321591582255075,0.901103041786312,0.9461838639376947,1185
8,113,0.7690470230183157,7.824059272458465,1.2266070094549284,0.008668419044870233,1.6068274772519093,1.4499900219903985,409
38,178,0.8039489512030147,5.525515226656411,2.4022791888349473,0.01392212582349248,1.1122275363000471,0.9905542825208293,511
17,127,1.7991434504175372,7.680402373540374,1.2118116088075153,0.003941743639356677,1.9171043881746195,1.1701560704161846,83
17,71,1.4851340952118357,7.811223990199354,2.20727440111875,0.0024626098742343595,0.6133754207811004,0.989155662189327,1743
5,124,0.8796523087694131,4.701525476857342,2.9151620301676346,0.00858167103520626,1.75970240999664,1.4632403284602933,399
5,193,0.8763395685366537,6.056157728315285,2.413259739757419,0.012590140924510228,0.9693610913204723,1.1647780039015116,1450
31,130,1.4565323703439033,3.4521324798852633,2.4281054467562537,0.0027364382403037516,0.7989055047002012,0.9050418004960898,1281
38,184,1.1510314590631383,3.5522698529326457,1.8688066380132196,0.014745508539150017,0.5135812423705565,0.8952721658371967,1651
44,152,0.5206183310170178,3.490257562218801,1.4288129659863291,0.006145320232702479,0.8713396554198296,0.8495233240580562,1484
13,141,1.9655104316584153,2.611358605237621,1.016639884454384,0.009238073060019673,0.6389382245770507,0.8574059083126364,2114
33,64,1.5581912454252294,4.565608002220024,1.8850910296294912,0.01333712416696075,1.90442093220339,1.2016074949749644,39
29,68,1.0526733798748684,7.372076534919016,2.332926095053671,0.015960353508294323,1.1815181346014827,1.0663496956026823,563
38,152,1.2821735362503202,2.410752316001468,1.7422258768602557,0.01849456556080379,1.376673364636139,0.916558246737125,250
42,164,1.7344757075626513,7.596263048796568,2.0885079322273956,0.0048053583394848925,1.4251754117788118,0.7933425235632704,172
7,102,1.5991002121792477,5.640390348304619,2.3457433371961596,0.002541834392188544,1.9272360652651808,1.4772385710996903,211
7,108,1.890665943287641,2.6323593086468313,2.5288814561510087,0.00878375001414386,1.482760571786507,1.3368586152587325,612
29,84,1.030683738104654,6.971333587436488,2.5785856966393714,0.006848120801934168,1.870682665809889,1.086180323383952,43
7,168,0.9385746656182896,4.663516727038267,1.043826657550018,0.006719875478851948,1.2539468639451958,1.1861263053233664,1080
41,143,0.665647795116654,3.735124677775699,1.619613750644938,0.0057491819815548035,1.2725084895645846,0.8484578529898567,370
16,48,0.7406939214068397,2.4229516738588677,1.371293409802486,0.013620168314790397,1.822535917765262,1.2540213849101816,131
47,78,1.0316374231895824,5.033804920531753,2.882241625067347,0.01765006922970392,0.6538519438753847,0.941351029691841,1066
22,119,1.25469870882731,3.163178407621356,2.7176335423363094,0.01386187487693991,1.7568625622777054,1.2007635498777611,72
22,62,0.829330884844703,7.759176816280732,2.232600971851448,0.01158069042026982,1.1236626552849829,1.0630886542869238,823
20,38,0.8335419571222554,5.1153474246812305,2.215505366191305,0.00566169396915801,0.5865982388376758,1.0070687812064076,1916
43,154,1.158815901874576,5.663280530092547,1.3207308122394863,0.013799262932023246,0.7688798836089211,0.8194741381219806,1765
36,61,0.67632695022533,2.9917069408577444,1.0039842704381405,0.014656052739217076,1.5986015735875687,0.8881088549398996,142
42,107,1.0004425937552985,6.74934921554822,1.9025882260585099,0.004485401731665256,1.7824610293422114,0.7527143045764522,55
44,133,1.2987560996239726,2.6923678530735042,2.211275778646823,0.003226874207924435,1.005809863348628,0.8875736471425512,843
23,23,1.6891371703592193,2.414275437887598,1.9485100419539072,0.011652887603840048,1.4426396849218805,1.1824099230918623,301
35,65,0.5149681649876741,6.340661974129472,2.071313198695157,0.016886236360937727,1.7320825443510415,1.1513102681448424,66
24,117,1.5446447105541607,6.212876577090976,1.3433878154108991,0.010502142289455913,1.117937142551153,0.9648472444151857,909
28,49,0.6253315062660346,2.1147737986237223,1.3314963539304414,0.01792625516467979,0.8623052625525227,0.9472514909087335,2012
11,144,0.8093781707542289,4.351156239128156,2.7913495552375576,0.004882011284580436,1.2617075959381687,1.1936025739018,636
44,103,0.6135495909646812,4.326956539501587,2.6070753189252067,0.018133706542378347,0.8052091137463937,0.9404638307322456,1102
8,177,1.0841074084683129,5.25056578560538,2.9361316241015176,0.0022647298303702344,1.4724770111781433,1.2645740350154457,496
14,83,1.0587999106393262,2.412282066343766,1.7391483988535463,0.009820531875045273,1.584106628358207,1.202787785164732,272
8,87,1.70572181779017,4.600833396533806,2.994364707805901,0.01162212641398544,0.9817432289539303,1.2287946888614574,1218
34,147,0.5125455228152856,3.3060043974832163,2.323368576799713,0.010195797995415194,0.5079702135025189,0.9387917318247655,1394
41,159,1.322628744490344,2.3987799546576327,2.5330300990651695,0.012090558166895915,1.6729399657369388,0.8098059976356229,55
38,164,1.2770120996069372,2.84194710916109,2.3423149467593776,0.01278900191598744,1.6133797807986308,0.811198856673537,76
40,68,1.5385383836915871,3.5843719081623124,2.8781369589005834,0.013091111349134113,0.9867677002630131,0.9815011775608371,747
17,54,1.5419614383405917,3.312293677987564,2.190606531854978,0.006028065511581789,1.4929534171908028,1.155330241736327,309
17,56,0.9707402123366233,3.4490037679570005,1.4298252740727917,0.009072166014493652,1.8617577708253013,1.1504973498252136,103
27,53,0.6154575040713111,6.176936870827552,1.7655975288727757,0.016614787985121827,1.4892661529611553,1.1649093632669958,214
34,180,1.3682101317679107,5.794347945970324,1.3129534320072012,0.010004503182205953,1.5745956679371484,0.8395033350903873,131
12,55,1.8356142758289926,6.499866790712424,2.816456977400646,0.015415591102114493,1.3957329589854528,1.2140371365941494,484
24,25,0.8893646739125738,2.2020584232467844,2.758371545202495,0.005624536981152079,1.336005754359512,1.0536491078835606,317
41,160,1.6412769963961726,3.126334434153512,1.1767698939690374,0.014280027741260325,1.052520820691527,0.8595667275098049,938
6,140,0.9845410186311407,7.387515121745995,2.776236377868072,0.007180521748873208,1.8514413435357018,1.520893753733678,278
6,94,0.6951210047434204,2.1345553349723305,1.7208536542829722,0.01589102677042949,1.3492710368376062,1.3334559140606104,988
19,137,0.8480272704632161,2.08628867643251,2.5287067728728547,0.012851118612416172,1.64345393675144,1.2782629142613726,137
49,78,1.6222758680732696,6.839990318160899,2.7160465420144586,0.019954937650640974,0.8622447278853018,0.9181402612083733,1008
31,187,1.893709280023194,4.051431668632942,2.05535493244339,0.005021082072827363,1.9934466642483253,1.2855209912550165,25
6,170,1.4292893000544549,5.380372104275841,2.2492280962290634,0.017424231690498917,1.3804047598383606,1.2751297947561926,812
49,136,1.7066210895162102,6.290600967702201,2.1863164380789364,0.0020136119427890562,1.1821465138289917,0.7934122266730315,399
49,168,1.7673070216328435,3.4940524166545393,2.1534047977155124,0.002277862365379989,0.6423769052325046,0.8408832875741376,1412
35,141,1.0596839276335754,7.6501519199481836,1.334714064473562,0.010506829478095652,1.5363259648262342,0.8381184644121076,160
36,101,1.5016408874047293,7.024202478620904,1.3394568571538463,0.001363752491939897,1.66865387959368,0.823535711063249,96
31,198,1.635095250602852,4.6537628327068115,2.4147940000658554,0.008395378962143981,0.8433131937252485,0.932290918277486,1155
32,145,1.7572324624829638,6.816865608947003,2.9218402938576493,0.011182766498190246,1.232743448989858,0.9381765763162249,283
36,136,0.9129323201777902,2.937239412119732,2.2718806536534215,0.012386740206649316,0.7690340154338615,0.922945252688152,1368
23,47,1.3589108493230335,3.662075145955873,2.842615024425951,0.012080625281264853,1.3892602707621653,1.1669976734278533,247
44,138,0.8168477472093965,7.177980988153232,2.7721868706264163,0.004736418114106215,1.6061391286560158,0.7818877382384622,60
20,29,0.5476156480594829,4.540010864919185,1.1691307561944757,0.012530092155262643,1.821459508459486,1.3106676583231947,106
